<?xml version="1.0" encoding="utf-8"?>
<window>
	<defaultcontrol always="true">9090</defaultcontrol>
	<controls>
		<control type="group">
			<animation type="WindowOpen" reversible="false">
				<effect type="zoom" start="80" end="100" center="960,540" delay="500" tween="back" time="240"/>
				<effect type="fade" delay="500" end="100" time="240"/>
			</animation>
			<animation type="WindowClose" reversible="false">
				<effect type="zoom" start="100" end="80" center="960,540" easing="in" tween="back" time="240"/>
				<effect type="fade" start="100" end="0" time="240"/>
			</animation>
			<posx>20</posx>
			<posy>0</posy>
			<control type="image">
				<posx>-112</posx>
				<width>572</width>
				<height>1080</height>
				<texture background="true">skin/dialog_blank.png</texture>
				<colordiffuse>$VAR[ColorButtonDialogeBack]</colordiffuse>
			</control>
			<control type="panel" id="9090">
				<left>0</left>
				<top>50</top>
				<width>447</width>
				<height>708</height>
				<onleft>9090</onleft>
				<onright>Action(Close)</onright>
				<onup condition="IntegerGreaterThan(Container(9091).NumItems,0)">Control.SetFocus(9091,999)</onup>
				<ondown condition="IntegerGreaterThan(Container(9091).NumItems,0)">Control.SetFocus(9091,0)</ondown>
				<onback>noop</onback>
				<orientation>vertical</orientation>
				<scrolltime tween="quadratic" easing="out">200</scrolltime>
				<itemlayout height="135" width="142">
					<control type="image">
						<left>0</left>
						<top>27</top>
						<width>140</width>
						<height>133</height>
						<texture background="true">skin/button_klein.png</texture>
						<colordiffuse>$VAR[ColorButtonDialogeBack]</colordiffuse>
						<bordertexture border="10">ThumbShadow.png</bordertexture>
						<bordersize>7</bordersize>
					</control>
					<control type="label">
						<left>0</left>
						<top>7</top>
						<width>140</width>
						<height>133</height>
						<align>center</align>
						<aligny>center</aligny>
						<font>font12</font>
						<label>$INFO[ListItem.Label]</label>
					</control>
					<control type="label">
						<left>0</left>
						<top>37</top>
						<width>140</width>
						<height>133</height>
						<align>center</align>
						<aligny>center</aligny>
						<font>font10</font>
						<label>$INFO[ListItem.Label2]</label>
					</control>
				</itemlayout>
				<focusedlayout height="135" width="142">
					<control type="image">
						<left>0</left>
						<top>27</top>
						<width>140</width>
						<height>133</height>
						<texture background="true">skin/button_klein.png</texture>
						<colordiffuse>$VAR[BackColorButton]</colordiffuse>
						<bordertexture border="10">ThumbShadow.png</bordertexture>
						<bordersize>7</bordersize>
					</control>
					<control type="label">
						<left>0</left>
						<top>7</top>
						<width>140</width>
						<height>133</height>
						<align>center</align>
						<aligny>center</aligny>
						<font>font12</font>
						<label>$INFO[ListItem.Label]</label>
					</control>
					<control type="label">
						<left>0</left>
						<top>37</top>
						<width>140</width>
						<height>133</height>
						<align>center</align>
						<aligny>center</aligny>
						<font>font10</font>
						<label>$INFO[ListItem.Label2]</label>
					</control>
				</focusedlayout>
			</control>
			<control type="list" id="9091">
				<left>0</left>
				<top>650</top>
				<width>427</width>
				<height>400</height>
				<onleft>9091</onleft>
				<onright>Action(Close)</onright>
				<onup>9090</onup>
				<ondown>9090</ondown>
				<onback>noop</onback>
				<orientation>vertical</orientation>
				<scrolltime tween="quadratic" easing="out">200</scrolltime>
				<itemlayout height="65" width="380">
					<control type="image">
						<left>0</left>
						<top>-5</top>
						<width>424</width>
						<height>1</height>
						<texture background="true">default/separator.png</texture>
					</control>
					<control type="label">
						<left>25</left>
						<top>0</top>
						<width>330</width>
						<height>60</height>
						<align>center</align>
						<aligny>center</aligny>
						<font>primal_18</font>
						<label>$INFO[ListItem.Label]</label>
					</control>
				</itemlayout>
				<focusedlayout height="65" width="380">
					<control type="image">
						<left>0</left>
						<top>-5</top>
						<width>424</width>
						<height>70</height>
						<texture background="true">skin/button_klein.png</texture>
						<colordiffuse>$VAR[ColorButtonDialogeBack]</colordiffuse>
						<bordertexture border="10">ThumbShadow.png</bordertexture>
						<bordersize>7</bordersize>
						<visible>!Control.HasFocus(9091)</visible>
					</control>
					<control type="image">
						<left>0</left>
						<top>-5</top>
						<width>424</width>
						<height>70</height>
						<texture background="true">skin/button_klein.png</texture>
						<colordiffuse>$VAR[BackColorButton]</colordiffuse>
						<bordertexture border="10">ThumbShadow.png</bordertexture>
						<bordersize>7</bordersize>
						<visible>Control.HasFocus(9091)</visible>
					</control>
					<control type="label">
						<left>25</left>
						<top>0</top>
						<width>330</width>
						<height>60</height>
						<align>center</align>
						<aligny>center</aligny>
						<font>primal_18</font>
						<label>$INFO[ListItem.Label]</label>
					</control>
				</focusedlayout>
			</control>
			<control type="label" id="600">
				<left>15</left>
				<top>455</top>
				<width>380</width>
				<height>50</height>
				<align>center</align>
				<textoffsetx>15</textoffsetx>
				<textcolor>white</textcolor>
				<scroll>true</scroll>
				<scrollspeed>20</scrollspeed>
			</control>
		</control>
	</controls>
</window>
