﻿<?xml version="1.0" encoding="UTF-8"?>
<window id="125">
	<defaultcontrol always="true">2</defaultcontrol>
	<coordinates>
		<system>1</system>
		<left>65</left>
		<top>600</top>
	</coordinates>
	<include>dialogeffect</include>
	<controls>
		<control type="label">
			<description>header label</description>
			<left>5</left>
			<top>0</top>
			<width>1800</width>
			<height>45</height>
			<font>font13_title</font>
			<label>[UPPERCASE]$LOCALIZE[298][/UPPERCASE] - ($INFO[Container(11).NumItems]) $LOCALIZE[50165] - $LOCALIZE[50166] ($INFO[Container(11).CurrentPage]/$INFO[Container(11).NumPages])</label>
			<align>left</align>
			<aligny>center</aligny>
			<textcolor>$VAR[ColorFontSelected]</textcolor>
			<shadowcolor>$VAR[ColorFontShadow]</shadowcolor>
		</control>
		<control type="list" id="11">
			<left>0</left>
			<top>55</top>
			<width>1800</width>
			<height>525</height>
			<onleft>2</onleft>
			<onright>3</onright>
			<ondown>2</ondown>
			<onup>2</onup>
			<scrolltime>200</scrolltime>
			<viewtype label="536">icon</viewtype>
			<pagecontrol>-</pagecontrol>
			<orientation>horizontal</orientation>
			<itemlayout height="262" width="360">
				<control type="image">
					<left>0</left>
					<top>0</top>
					<width>350</width>
					<height>265</height>
					<texture background="true">skin/button_klein.png</texture>
					<bordertexture border="10">ThumbShadow2.png</bordertexture>
					<bordersize>7</bordersize>
					<colordiffuse>$VAR[ColorButtonDialogeBack]</colordiffuse>
				</control>
				<control type="image">
					<left>10</left>
					<top>10</top>
					<width>330</width>
					<height>210</height>
					<texture background="true">$INFO[ListItem.Icon]</texture>
				</control>
				<control type="label">
					<left>15</left>
					<top>227</top>
					<width>338</width>
					<height>22</height>
					<font>primal_18</font>
					<selectedcolor>$VAR[ColorFontSelected]</selectedcolor>
					<align>left</align>
					<aligny>center</aligny>
					<label>$INFO[ListItem.Label]$INFO[ListItem.Label2, (,)]</label>
				</control>
			</itemlayout>
			<focusedlayout height="262" width="360">
				<control type="image">
					<left>0</left>
					<top>0</top>
					<width>350</width>
					<height>265</height>
					<texture background="true">skin/button_klein.png</texture>
					<bordertexture border="10">ThumbShadow2.png</bordertexture>
					<bordersize>7</bordersize>
					<colordiffuse>$VAR[ColorButtonDialogeBack]</colordiffuse>
					<visible>!Control.Hasfocus(11)</visible>
				</control>
				<control type="image">
					<left>0</left>
					<top>0</top>
					<width>350</width>
					<height>265</height>
					<texture background="true">skin/button_klein.png</texture>
					<bordertexture border="10">ThumbShadow2.png</bordertexture>
					<bordersize>7</bordersize>
					<colordiffuse>$VAR[BackColorButton]</colordiffuse>
					<visible>Control.Hasfocus(11)</visible>
				</control>
				<control type="image">
					<left>10</left>
					<top>10</top>
					<width>330</width>
					<height>210</height>
					<texture background="true">$INFO[ListItem.Icon]</texture>
				</control>
				<control type="label">
					<left>15</left>
					<top>227</top>
					<width>338</width>
					<height>22</height>
					<font>primal_18</font>
					<selectedcolor>$VAR[ColorFontSelected]</selectedcolor>
					<align>left</align>
					<aligny>center</aligny>
					<label>$INFO[ListItem.Label]$INFO[ListItem.Label2, (,)]</label>
				</control>
			</focusedlayout>
		</control>
		<control type="grouplist" id="9000">
			<left>645</left>
			<top>0</top>
			<width>1140</width>
			<height>80</height>
			<itemgap>2</itemgap>
			<align>right</align>
			<orientation>horizontal</orientation>
			<onleft>9000</onleft>
			<onright>9000</onright>
			<onup>11</onup>
			<ondown>11</ondown>
			<control type="button" id="2">
				<description>Create Bookmark button</description>
				<label>294</label>
				<align>center</align>
				<width>375</width>
				<height>50</height>
			</control>
			<control type="button" id="3">
				<description>Clear Bookmark button</description>
				<label>296</label>
				<align>center</align>
				<width>375</width>
				<height>50</height>
			</control>
			<control type="button" id="4">
				<description>Clear Bookmark button</description>
				<label>20406</label>
				<align>center</align>
				<width>375</width>
				<height>50</height>
				<visible>videoplayer.content(episodes)</visible>
			</control>
		</control>
	</controls>
</window>