﻿<?xml version="1.0" encoding="UTF-8"?>
<window type="dialog" id="134">
    <defaultcontrol always="true">874497</defaultcontrol>
    <coordinates>
        <!-- <system>1</system> -->
        <left>0</left>
        <top>0</top>
    </coordinates>
    <controls>
        <control type="group">
            
			
			<animation type="WindowOpen">
				<effect type="slide" time="700" start="0,800" end="0,0" tween="sine" easing="out"/>
				<effect type="fade" time="600" start="0" end="100"/>
			</animation>
			<animation type="WindowClose">
				<effect type="slide" time="500" start="0,0" end="0,800" tween="sine" easing="in"/>
				<effect type="fade" time="600" start="100" end="0"/>
			</animation>
			
			<control type="image">
                <left>-50</left>
                <top>-50</top>
                <width>700</width>
                <height>1200</height>
                <texture background="true">skin/button_klein.png</texture>
                <bordertexture border="10">ThumbShadow2.png</bordertexture>
                <bordersize>7</bordersize>
                <colordiffuse>$VAR[ColorButtonDialogeBack]</colordiffuse>
            </control>
            <control type="image">
                <left>50</left>
                <top>10</top>
                <width>325</width>
                <height>450</height>
                <aspectratio>stretch</aspectratio>
                <texture background="true">$INFO[Container(450).ListItem.Fanart]</texture>
                <bordertexture border="10">ThumbShadow2.png</bordertexture>
                <bordersize>10</bordersize>
            </control>
            <control type="list" id="450">
                <left>0</left>
                <top>90</top>
                <width>640</width>
                <height>900</height>
                <onup>450</onup>
                <onleft>874496</onleft>
                <onright>back</onright>
                <ondown>450</ondown>
                <viewtype label="535">list</viewtype>
                <orientation>vertical</orientation>
                <focusposition>2</focusposition>
                <pagecontrol>-</pagecontrol>
                <scrolltime>200</scrolltime>
                <itemlayout height="105" width="600">
                    <control type="image">
                        <left>-20</left>
                        <top>20</top>
                        <width>670</width>
                        <height>2</height>
                        <aspectratio>stretch</aspectratio>
                        <texture background="true">default/separator.png</texture>
                    </control>
                    <control type="image">
                        <left>10</left>
                        <top>20</top>
                        <width>100</width>
                        <height>100</height>
                        <aspectratio>keep</aspectratio>
                        <texture background="true">$INFO[ListItem.Icon]</texture>
                        <bordertexture border="10">ThumbBorder.png</bordertexture>
                        <bordersize>10</bordersize>
                    </control>
                    <control type="label">
                        <posx>120</posx>
                        <posy>40</posy>
                        <width>500</width>
                        <height>40</height>
                        <font>primal_20</font>
                        <label>$INFO[ListItem.Label]</label>
                        <textcolor>white</textcolor>
                        <shadowcolor>black</shadowcolor>
                        <aligny>center</aligny>
                    </control>
                </itemlayout>

                <focusedlayout height="105" width="600">
                    <control type="image">
                        <left>0</left>
                        <top>20</top>
                        <width>640</width>
                        <height>100</height>
                        <texture background="true">skin/button_klein.png</texture>
                        <colordiffuse>$VAR[BackColorButton]</colordiffuse>
                    </control>
                    <control type="image">
                        <left>10</left>
                        <top>20</top>
                        <width>100</width>
                        <height>100</height>
                        <aspectratio>keep</aspectratio>
                        <texture background="true">$INFO[ListItem.Icon]</texture>
                        <bordertexture border="10">ThumbBorder.png</bordertexture>
                        <bordersize>10</bordersize>
                    </control>
                    <control type="label">
                        <posx>120</posx>
                        <posy>40</posy>
                        <width>500</width>
                        <height>40</height>
                        <font>primal_20</font>
                        <label>$INFO[ListItem.Label]</label>
                        <textcolor>white</textcolor>
                        <shadowcolor>black</shadowcolor>
                        <aligny>center</aligny>
                    </control>
                </focusedlayout>
            </control>
            <control type="button" id="874496">
                <left>10</left>
                <top>1010</top>
                <onup>450</onup>
                <ondown>450</ondown>
                <onleft>back</onleft>
                <onright>back</onright>
                <width>150</width>
                <height>60</height>
                <font>primal_18</font>
                <align>center</align>
                <label>$LOCALIZE[50127]</label>
                <onclick>Dialog.Close(134)</onclick>
            </control>

            <control type="button" id="874497">
                <left>10</left>
                <top>10</top>
                <onup>450</onup>
                <ondown>450</ondown>
                <onleft>back</onleft>
                <onright>back</onright>
                <width>150</width>
                <height>60</height>
                <font>primal_18</font>
                <align>center</align>
                <label>목록선택</label>
                <onclick>back</onclick>
            </control>

            <!-- KM Debug -->
            <!-- <control type="label">
                <left>50</left>
                <top>10</top>
                <width>2000</width>
                <height>60</height>
                <font>primal_10_Bold</font>
                <textcolor>$VAR[ColorFontNormal]</textcolor>
                <shadowcolor>$VAR[ColorFontShadow]</shadowcolor>
                <selectedcolor>$VAR[ColorFontSelected]</selectedcolor>
                <label>$INFO[ListItem.FileNameAndPath]</label>
            </control> -->

            <control type="label">
                <description>Page label</description>
                <left>70</left>
                <top>1020</top>
                <width>525</width>
                <height>45</height>
                <align>right</align>
                <aligny>center</aligny>
                <font>primal_16</font>
                <textcolor>white</textcolor>
                <label>($INFO[Container(450).NumItems]) $LOCALIZE[31025] - $LOCALIZE[31024]($INFO[Container(450).CurrentPage]/$INFO[Container(450).NumPages])</label>
            </control>
        </control>
    </controls>
</window>