<?xml version="1.0" encoding="UTF-8"?>
<window type="dialog">
	<defaultcontrol>9000</defaultcontrol>
	<coordinates>
		<left>60</left>
		<top>60</top>
	</coordinates>
	<controls>
		<control type="image">
			<left>5</left>
			<top>0</top>
			<width>1800</width>
			<height>910</height>
			<texture background="true">skin/button_klein.png</texture>
			<bordertexture border="10">ThumbShadow.png</bordertexture>
			<bordersize>6</bordersize>
			<aspectratio>stretch</aspectratio>
			<colordiffuse>$VAR[BackColorFront]</colordiffuse>
		</control>
		<control type="image">
			<left>17</left>
			<top>12</top>
			<width>1776</width>
			<height>886</height>
			<texture background="true">skin/button_klein.png</texture>
			<aspectratio>stretch</aspectratio>
			<colordiffuse>$VAR[ColorButtonDialogeBack]</colordiffuse>
		</control>
		<control type="group">
			<left>0</left>
			<top>0</top>
			<width>1800</width>
			<height>60</height>
			<control type="button">
				<description>dialog close button</description>
				<left>1680</left>
				<top>22</top>
				<width>96</width>
				<height>48</height>
				<label>-</label>
				<font>-</font>
				<onclick>PreviousMenu</onclick>
				<visible>system.getbool(input.enablemouse)</visible>
				<include>VisibleFadeEffect</include>
			</control>
			<control type="label">
				<description>window header label</description>
				<left>0</left>
				<top>30</top>
				<width>1800</width>
				<height>45</height>
				<font>primal_20_Title</font>
				<label>$LOCALIZE[15020]</label>
				<align>center</align>
				<aligny>center</aligny>
				<textcolor>$VAR[ColorFontNormal]</textcolor>
				<shadowcolor>$VAR[ColorFontShadow]</shadowcolor>
				<selectedcolor>$VAR[ColorFontSelected]</selectedcolor>
			</control>
		</control>
		<control type="list" id="9000">
			<description>processing mode selection list</description>
			<left>45</left>
			<top>105</top>
			<width>1750</width>
			<height>60</height>
			<onup>9001</onup>
			<ondown>200</ondown>
			<onleft>9000</onleft>
			<onright>9000</onright>
			<orientation>horizontal</orientation>
			<scrolltime tween="sine" easing="out">200</scrolltime>
			<itemlayout width="345" height="60">
				<control type="image">
					<left>0</left>
					<top>0</top>
					<width>342</width>
					<height>60</height>
					<texture border="5">skin/button_klein.png</texture>
					<colordiffuse>$VAR[BackColorFront]</colordiffuse>
				</control>
				<control type="label">
					<posx>8</posx>
					<posy>0</posy>
					<width>327</width>
					<height>60</height>
					<textcolor>$VAR[ColorFontNormal]</textcolor>
					<shadowcolor>$VAR[ColorFontShadow]</shadowcolor>
					<font>primal_18</font>
					<aligny>center</aligny>
					<align>center</align>
					<label>$INFO[ListItem.Label]</label>
					<scroll>false</scroll>
					<scrollspeed>0</scrollspeed>
				</control>
			</itemlayout>
			<focusedlayout width="345" height="60">
				<control type="image">
					<left>0</left>
					<top>0</top>
					<width>342</width>
					<height>60</height>
					<texture border="5">skin/button_klein.png</texture>
					<colordiffuse>$VAR[BackColorButton]</colordiffuse>
					<animation effect="fade" start="100" end="50" time="0" condition="!Control.HasFocus(9000)">conditional</animation>
				</control>
				<control type="label">
					<posx>8</posx>
					<posy>0</posy>
					<width>327</width>
					<height>60</height>
					<textcolor>$VAR[ColorFontNormal]</textcolor>
					<shadowcolor>$VAR[ColorFontShadow]</shadowcolor>
					<font>primal_18</font>
					<aligny>center</aligny>
					<align>center</align>
					<label>$INFO[ListItem.Label]</label>
					<scroll>false</scroll>
					<scrollspeed>0</scrollspeed>
				</control>
			</focusedlayout>
			<content>
				<item id="91">
					<label>1. $LOCALIZE[15057]</label>
					<label2>$LOCALIZE[15114]</label2>
					<visible>true</visible>
					<onclick>noop</onclick>
					<property name="currentMode">InputResampling</property>
				</item>
				<item id="92">
					<label>2. $LOCALIZE[15058]</label>
					<label2>$LOCALIZE[15113]</label2>
					<visible>true</visible>
					<onclick>noop</onclick>
					<property name="currentMode">Preprocessing</property>
				</item>
				<item id="93">
					<label>3. $LOCALIZE[15059]</label>
					<label2>$LOCALIZE[15115]</label2>
					<visible>true</visible>
					<onclick>noop</onclick>
					<property name="currentMode">Masterprocessing</property>
				</item>
				<item id="94">
					<label>4. $LOCALIZE[15060]</label>
					<label2>$LOCALIZE[15117]</label2>
					<visible>true</visible>
					<onclick>noop</onclick>
					<property name="currentMode">Postprocessing</property>
				</item>
				<item id="95">
					<label>5. $LOCALIZE[15061]</label>
					<label2>$LOCALIZE[15116]</label2>
					<visible>true</visible>
					<onclick>noop</onclick>
					<property name="currentMode">OutputResampling</property>
				</item>
			</content>
		</control>
		<control type="group">
			<description>white borders and mode description</description>
			<left>45</left>
			<top>164</top>
			<width>1710</width>
			<height>750</height>
			<control type="label">
				<description>current mode description label</description>
				<left>15</left>
				<top>0</top>
				<width>1680</width>
				<height>45</height>
				<font>primal_13</font>
				<align>left</align>
				<aligny>center</aligny>
				<textcolor>$VAR[ColorFontNormal]</textcolor>
				<shadowcolor>$VAR[ColorFontShadow]</shadowcolor>
				<selectedcolor>$VAR[ColorFontSelected]</selectedcolor>
				<label>$INFO[Container(9000).ListItem.Label2]</label>
			</control>
		</control>
		<control type="group" id="200">
			<description>available- and active mode lists</description>
			<left>45</left>
			<top>225</top>
			<width>1710</width>
			<height>750</height>
			<ondown>9001</ondown>
			<onup>9000</onup>
			<control type="group">
				<description>available modes group</description>
				<left>0</left>
				<top>0</top>
				<width>855</width>
				<height>540</height>
				<control type="label">
					<description>available modes</description>
					<left>38</left>
					<top>3</top>
					<width>825</width>
					<height>45</height>
					<font>primal_18</font>
					<label>$LOCALIZE[15050] ($INFO[Container(20).NumItems])</label>
					<align>center</align>
					<aligny>center</aligny>
					<textcolor>$VAR[ColorFontSelected]</textcolor>
					<shadowcolor>$VAR[ColorFontShadow]</shadowcolor>
				</control>
				<control type="image">
					<description>available modes list border</description>
					<left>38</left>
					<top>45</top>
					<width>807</width>
					<height>525</height>
					<texture border="5">skin/button_klein.png</texture>
					<colordiffuse>$VAR[BackColorFront]</colordiffuse>
				</control>
				<control type="scrollbar" id="60">
					<description>scrollbar for available modes list</description>
					<left>8</left>
					<top>45</top>
					<width>38</width>
					<height>525</height>
					<texturesliderbackground border="0,14,0,14">ScrollBarV.png</texturesliderbackground>
					<texturesliderbar border="0,14,0,14">ScrollBarV_bar.png</texturesliderbar>
					<texturesliderbarfocus border="0,14,0,14">ScrollBarV_bar_focus.png</texturesliderbarfocus>
					<textureslidernib>ScrollBarNib.png</textureslidernib>
					<textureslidernibfocus>ScrollBarNib.png</textureslidernibfocus>
					<onleft>61</onleft>
					<onright>20</onright>
					<showonepage>false</showonepage>
					<orientation>vertical</orientation>
				</control>
				<control type="list" id="20">
					<description>available modes list</description>
					<left>45</left>
					<top>52</top>
					<width>792</width>
					<height>518</height>
					<onup>9000</onup>
					<ondown>9001</ondown>
					<onleft>60</onleft>
					<onright>21</onright>
					<pagecontrol>60</pagecontrol>
					<scrolltime>200</scrolltime>
					<itemlayout height="69" width="792">
						<control type="image">
							<left>0</left>
							<top>4</top>
							<width>792</width>
							<height>60</height>
							<texture border="5">skin/button_klein.png</texture>
							<colordiffuse>$VAR[BackColorFront]</colordiffuse>
						</control>
						<control type="image">
							<left>22</left>
							<top>12</top>
							<width>45</width>
							<height>45</height>
							<texture>$INFO[ListItem.Property(Icon)]</texture>
							<aspectratio aligny="center" align="left">keep</aspectratio>
							<visible>!StringCompare(ListItem.Property(Icon),"")</visible>
						</control>
						<control type="image">
							<left>22</left>
							<top>12</top>
							<width>45</width>
							<height>45</height>
							<texture>DefaultAudioDSP.png</texture>
							<aspectratio aligny="center" align="left">keep</aspectratio>
							<visible>StringCompare(ListItem.Property(Icon),"")</visible>
						</control>
						<control type="label">
							<description>active addon name and mode name</description>
							<left>120</left>
							<top>4</top>
							<width>652</width>
							<height>60</height>
							<font>primal_15</font>
							<align>left</align>
							<aligny>center</aligny>
							<textcolor>$VAR[ColorFontNormal]</textcolor>
							<shadowcolor>$VAR[ColorFontShadow]</shadowcolor>
							<selectedcolor>$VAR[ColorFontSelected]</selectedcolor>
							<scroll>false</scroll>
							<label>$INFO[ListItem.Property(AddonName)]: $INFO[ListItem.Property(Name)]</label>
						</control>
					</itemlayout>
					<focusedlayout height="99" width="792">
						<control type="image">
							<left>0</left>
							<top>4</top>
							<width>792</width>
							<height>90</height>
							<texture border="5">skin/button_klein.png</texture>
							<colordiffuse>$VAR[BackColorButton]</colordiffuse>
							<animation effect="fade" start="100" end="30" time="0" condition="!Control.HasFocus(20)">conditional</animation>
						</control>
						<control type="image">
							<left>8</left>
							<top>12</top>
							<width>75</width>
							<height>75</height>
							<texture>$INFO[ListItem.Property(Icon)]</texture>
							<aspectratio aligny="center" align="left">keep</aspectratio>
							<visible>!StringCompare(ListItem.Property(Icon),"")</visible>
						</control>
						<control type="image">
							<left>8</left>
							<top>12</top>
							<height>75</height>
							<width>75</width>
							<texture>DefaultAudioDSP.png</texture>
							<aspectratio aligny="center" align="left">keep</aspectratio>
							<visible>StringCompare(ListItem.Property(Icon),"")</visible>
						</control>
						<control type="label">
							<description>addon name and mode name on focus</description>
							<left>120</left>
							<top>4</top>
							<width>652</width>
							<height>60</height>
							<font>primal_15</font>
							<align>left</align>
							<aligny>center</aligny>
							<textcolor>$VAR[ColorFontNormal]</textcolor>
							<shadowcolor>$VAR[ColorFontShadow]</shadowcolor>
							<selectedcolor>$VAR[ColorFontSelected]</selectedcolor>
							<scroll>false</scroll>
							<label>$INFO[ListItem.Property(AddonName)]: $INFO[ListItem.Property(Name)]</label>
						</control>
						<control type="label">
							<description>ADSP-Mode description on focus</description>
							<left>120</left>
							<top>50</top>
							<width>652</width>
							<height>45</height>
							<font>primal_15</font>
							<align>left</align>
							<aligny>center</aligny>
							<textcolor>$VAR[ColorFontNormal]</textcolor>
							<shadowcolor>$VAR[ColorFontShadow]</shadowcolor>
							<selectedcolor>$VAR[ColorFontSelected]</selectedcolor>
							<scroll>false</scroll>
							<label>$INFO[ListItem.Property(Description)]</label>
							<visible>!Control.HasFocus(20)</visible>
						</control>
						<control type="label">
							<description>ADSP-Mode description on focus</description>
							<left>120</left>
							<top>50</top>
							<width>652</width>
							<height>45</height>
							<font>primal_15</font>
							<align>left</align>
							<aligny>center</aligny>
							<textcolor>$VAR[ColorFontNormal]</textcolor>
							<shadowcolor>$VAR[ColorFontShadow]</shadowcolor>
							<selectedcolor>$VAR[ColorFontSelected]</selectedcolor>
							<scroll>true</scroll>
							<scrollsuffix>&gt;   &lt;</scrollsuffix>
							<label>$INFO[ListItem.Property(Description)]</label>
							<visible>Control.HasFocus(20)</visible>
						</control>
					</focusedlayout>
				</control>
			</control>
			<control type="group">
				<left>852</left>
				<top>0</top>
				<width>855</width>
				<height>540</height>
				<control type="label">
					<description>active modes</description>
					<left>15</left>
					<top>3</top>
					<width>825</width>
					<height>45</height>
					<font>primal_18</font>
					<label>$LOCALIZE[15051] ($INFO[Container(21).NumItems])</label>
					<align>center</align>
					<aligny>center</aligny>
					<textcolor>$VAR[ColorFontSelected]</textcolor>
					<shadowcolor>$VAR[ColorFontShadow]</shadowcolor>
				</control>
				<control type="image">
					<description>active modes list border</description>
					<left>15</left>
					<top>45</top>
					<width>807</width>
					<height>525</height>
					<texture border="5">skin/button_klein.png</texture>
					<colordiffuse>$VAR[BackColorFront]</colordiffuse>
				</control>
				<control type="scrollbar" id="61">
					<description>scrollbar for active modes list</description>
					<left>813</left>
					<top>45</top>
					<width>38</width>
					<height>525</height>
					<texturesliderbackground border="0,14,0,14">ScrollBarV.png</texturesliderbackground>
					<texturesliderbar border="0,14,0,14">ScrollBarV_bar.png</texturesliderbar>
					<texturesliderbarfocus border="0,14,0,14">ScrollBarV_bar_focus.png</texturesliderbarfocus>
					<textureslidernib>ScrollBarNib.png</textureslidernib>
					<textureslidernibfocus>ScrollBarNib.png</textureslidernibfocus>
					<onleft>21</onleft>
					<onright>60</onright>
					<showonepage>false</showonepage>
					<orientation>vertical</orientation>
				</control>
				<control type="list" id="21">
					<description>active modes list</description>
					<left>22</left>
					<top>52</top>
					<width>807</width>
					<height>518</height>
					<onup>9000</onup>
					<ondown>9001</ondown>
					<onleft>20</onleft>
					<onright>61</onright>
					<pagecontrol>61</pagecontrol>
					<scrolltime>200</scrolltime>
					<itemlayout height="69" width="792">
						<control type="image">
							<left>0</left>
							<top>4</top>
							<width>792</width>
							<height>60</height>
							<texture border="5">skin/button_klein.png</texture>
							<colordiffuse>$VAR[BackColorFront]</colordiffuse>
						</control>
						<control type="image">
							<left>22</left>
							<top>12</top>
							<width>45</width>
							<height>45</height>
							<texture>$INFO[ListItem.Property(Icon)]</texture>
							<aspectratio aligny="center" align="left">keep</aspectratio>
							<visible>!StringCompare(ListItem.Property(Icon),"")</visible>
						</control>
						<control type="image">
							<left>22</left>
							<top>12</top>
							<width>45</width>
							<height>45</height>
							<texture>DefaultAudioDSP.png</texture>
							<aspectratio aligny="center" align="left">keep</aspectratio>
							<visible>StringCompare(ListItem.Property(Icon),"")</visible>
						</control>
						<control type="label">
							<description>active addon name and mode name</description>
							<left>120</left>
							<top>4</top>
							<width>652</width>
							<height>60</height>
							<font>primal_15</font>
							<align>left</align>
							<aligny>center</aligny>
							<textcolor>$VAR[ColorFontNormal]</textcolor>
							<shadowcolor>$VAR[ColorFontShadow]</shadowcolor>
							<selectedcolor>$VAR[ColorFontSelected]</selectedcolor>
							<scroll>false</scroll>
							<label>$INFO[ListItem.Property(Number)].  $INFO[ListItem.Property(AddonName)]: $INFO[ListItem.Property(Name)]</label>
						</control>
					</itemlayout>
					<focusedlayout height="99" width="792">
						<control type="image">
							<left>0</left>
							<top>4</top>
							<width>792</width>
							<height>90</height>
							<texture border="5">skin/button_klein.png</texture>
							<colordiffuse>$VAR[BackColorButton]</colordiffuse>
							<animation effect="fade" start="100" end="30" time="0" condition="!Control.HasFocus(21)">conditional</animation>
						</control>
						<control type="image">
							<left>8</left>
							<top>12</top>
							<width>75</width>
							<height>75</height>
							<texture>$INFO[ListItem.Property(Icon)]</texture>
							<aspectratio aligny="center" align="left">keep</aspectratio>
							<visible>!StringCompare(ListItem.Property(Icon),"")</visible>
						</control>
						<control type="image">
							<left>8</left>
							<top>12</top>
							<height>75</height>
							<width>75</width>
							<texture>DefaultAudioDSP.png</texture>
							<aspectratio aligny="center" align="left">keep</aspectratio>
							<visible>StringCompare(ListItem.Property(Icon),"")</visible>
						</control>
						<control type="label">
							<description>addon name and mode name on focus</description>
							<left>120</left>
							<top>4</top>
							<width>652</width>
							<height>60</height>
							<font>primal_15</font>
							<align>left</align>
							<aligny>center</aligny>
							<textcolor>$VAR[ColorFontNormal]</textcolor>
							<shadowcolor>$VAR[ColorFontShadow]</shadowcolor>
							<selectedcolor>$VAR[ColorFontSelected]</selectedcolor>
							<scroll>false</scroll>
							<label>$INFO[ListItem.Property(Number)].  $INFO[ListItem.Property(AddonName)]: $INFO[ListItem.Property(Name)]</label>
							<visible>true</visible>
						</control>
						<control type="label">
							<description>ADSP-Mode description on focus</description>
							<left>120</left>
							<top>50</top>
							<width>652</width>
							<height>45</height>
							<font>primal_15</font>
							<align>left</align>
							<aligny>center</aligny>
							<textcolor>$VAR[ColorFontNormal]</textcolor>
							<shadowcolor>$VAR[ColorFontShadow]</shadowcolor>
							<selectedcolor>$VAR[ColorFontSelected]</selectedcolor>
							<scroll>false</scroll>
							<label>$INFO[ListItem.Property(Description)]</label>
							<visible>!Control.HasFocus(21)</visible>
						</control>
						<control type="label">
							<description>ADSP-Mode description on focus</description>
							<left>120</left>
							<top>50</top>
							<width>652</width>
							<height>45</height>
							<font>primal_15</font>
							<align>left</align>
							<aligny>center</aligny>
							<textcolor>$VAR[ColorFontNormal]</textcolor>
							<shadowcolor>$VAR[ColorFontShadow]</shadowcolor>
							<selectedcolor>$VAR[ColorFontSelected]</selectedcolor>
							<scroll>true</scroll>
							<scrollsuffix>&gt;   &lt;</scrollsuffix>
							<label>$INFO[ListItem.Property(Description)]</label>
							<visible>Control.HasFocus(21)</visible>
						</control>
					</focusedlayout>
				</control>
			</control>
		</control>
		<control type="group" id="9001">
			<left>82</left>
			<top>792</top>
			<width>1635</width>
			<control type="radiobutton" id="22">
				<description>Default RadioButton</description>
				<left>0</left>
				<top>22</top>
				<height>60</height>
				<width>420</width>
				<onup>200</onup>
				<ondown>9000</ondown>
				<onleft>24</onleft>
				<onright>23</onright>
				<textwidth>378</textwidth>
				<label>15064</label>
			</control>
			<control type="button" id="23">
				<description>Apply changes button</description>
				<left>432</left>
				<top>22</top>
				<height>60</height>
				<width>375</width>
				<onup>200</onup>
				<ondown>9000</ondown>
				<onleft>22</onleft>
				<onright>24</onright>
				<label>14070</label>
				<align>center</align>
			</control>
			<control type="button" id="24">
				<description>Clear active modes button</description>
				<left>1262</left>
				<top>22</top>
				<height>60</height>
				<width>375</width>
				<onup>200</onup>
				<ondown>9000</ondown>
				<onleft>23</onleft>
				<onright>22</onright>
				<label>15066</label>
				<align>center</align>
			</control>
		</control>
	</controls>
</window>
