﻿<?xml version="1.0" encoding="UTF-8"?>
<window type="dialog" id="114">
	<defaultcontrol always="true">603</defaultcontrol>
	<visible>Player.HasMedia + Window.IsActive(PlayerControls) + !Window.IsActive(FullscreenVideo) + !Window.IsActive(Visualisation)</visible>
	<coordinates>
		<system>1</system>
		<left>90</left>
		<top>0</top>
	</coordinates>
	<controls>
		<control type="image">
			<left>-90</left>
			<top>0</top>
			<width>1920</width>
			<height>1080</height>
			<texture>background.png</texture>
		</control>
		<control type="image">
			<description>background image</description>
			<left>350</left>
			<top>150</top>
			<width>1023</width>
			<height>655</height>
			<texture background="true">skin/button_klein.png</texture>
			<bordertexture border="10">ThumbShadow2.png</bordertexture>
			<bordersize>7</bordersize>
			<colordiffuse>$VAR[ColorButtonDialogeBack]</colordiffuse>
		</control>
		<control type="group" id="100">
			<left>410</left>
			<top>480</top>
			<control type="button" id="600">
				<left>0</left>
				<top>10</top>
				<width>70</width>
				<height>50</height>
				<label>-</label>
				<texturefocus>primal_OSD/OSDPrevTrackFO.png</texturefocus>
				<texturenofocus>primal_OSD/OSDPrevTrackNF.png</texturenofocus>
				<onleft>608</onleft>
				<onright>601</onright>
				<onup>300</onup>
				<ondown>200</ondown>
				<onclick>PlayerControl(Previous)</onclick>
			</control>
			<control type="button" id="601">
				<left>70</left>
				<top>10</top>
				<width>70</width>
				<height>50</height>
				<label>-</label>
				<texturefocus>primal_OSD/OSDRewindFO.png</texturefocus>
				<texturenofocus>primal_OSD/OSDRewindNF.png</texturenofocus>
				<onleft>600</onleft>
				<onright>602</onright>
				<onup>300</onup>
				<ondown>200</ondown>
				<onclick>PlayerControl(Rewind)</onclick>
			</control>
			<control type="button" id="602">
				<left>0</left>
				<top>70</top>
				<width>70</width>
				<height>50</height>
				<label>-</label>
				<texturefocus>primal_OSD/OSDStopFO.png</texturefocus>
				<texturenofocus>primal_OSD/OSDStopNF.png</texturenofocus>
				<onleft>601</onleft>
				<onright>603</onright>
				<onup>300</onup>
				<ondown>200</ondown>
				<onclick>down</onclick>
				<onclick>PlayerControl(Stop)</onclick>
			</control>
			<control type="togglebutton" id="603">
				<left>70</left>
				<top>70</top>
				<width>70</width>
				<height>50</height>
				<label>-</label>
				<texturefocus>primal_OSD/OSDPauseFO.png</texturefocus>
				<texturenofocus>primal_OSD/OSDPauseNF.png</texturenofocus>
				<usealttexture>Player.Paused | Player.Forwarding | Player.Rewinding</usealttexture>
				<alttexturefocus>primal_OSD/OSDPlayFO.png</alttexturefocus>
				<alttexturenofocus>primal_OSD/OSDPlayNF.png</alttexturenofocus>
				<onleft>602</onleft>
				<onright>604</onright>
				<onup>300</onup>
				<ondown>200</ondown>
				<onclick>PlayerControl(Play)</onclick>
			</control>
			<control type="button" id="604">
				<left>0</left>
				<top>130</top>
				<width>70</width>
				<height>50</height>
				<label>-</label>
				<texturefocus>primal_OSD/OSDForwardFO.png</texturefocus>
				<texturenofocus>primal_OSD/OSDForwardNF.png</texturenofocus>
				<onleft>603</onleft>
				<onright>605</onright>
				<onup>300</onup>
				<ondown>200</ondown>
				<onclick>PlayerControl(Forward)</onclick>
			</control>
			<control type="button" id="605">
				<left>70</left>
				<top>130</top>
				<width>70</width>
				<height>50</height>
				<label>-</label>
				<texturefocus>primal_OSD/OSDNextTrackFO.png</texturefocus>
				<texturenofocus>primal_OSD/OSDNextTrackNF.png</texturenofocus>
				<onleft>604</onleft>
				<onright>607</onright>
				<!-- 606 if record enabled -->
				<onup>300</onup>
				<ondown>200</ondown>
				<onclick>PlayerControl(Next)</onclick>
			</control>
			<control type="button" id="607">
				<left>70</left>
				<top>200</top>
				<width>70</width>
				<height>50</height>
				<label>-</label>
				<texturefocus>primal_OSD/fullscreen_v1FO.png</texturefocus>
				<texturenofocus>primal_OSD/fullscreen_v1NF.png</texturenofocus>
				<onleft>605</onleft>
				<onright>608</onright>
				<onup>300</onup>
				<ondown>200</ondown>
				<onclick>Fullscreen</onclick>
			</control>
			<!-- RECORD DISABLED FOR NOW
			<control type="button" id="606">
				<left>240</left>
				<top>0</top>
				<width>40</width>
				<height>28</height>
				<label>-</label>
				<texturefocus>OSDRecordFO.png</texturefocus>
				<texturenofocus>OSDRecordNF.png</texturenofocus>
				<onleft>605</onleft>
				<onright>607</onright>
				<onup>300</onup>
				<ondown>200</ondown>
				<onclick>XBMC.PlayerControl(record)</onclick>
				<enable>Player.CanRecord</enable>
				<animation effect="fade" start="100" end="30" time="100" condition="!Player.CanRecord">Conditional</animation>
			</control> -->
			<control type="button" id="608">
				<left>70</left>
				<top>200</top>
				<width>70</width>
				<height>50</height>
				<label>-</label>
				<texturefocus>-</texturefocus>
				<texturenofocus>-</texturenofocus>
				<onclick>PlayerControl(Repeat)</onclick>
				<onleft>607</onleft>
				<onright>609</onright>
				<onup>100</onup>
				<ondown>100</ondown>
			</control>
			<control type="image">
				<left>70</left>
				<top>200</top>
				<width>70</width>
				<height>50</height>
				<texture>primal_OSD/OSDRepeatNF.png</texture>
				<visible>!Playlist.IsRepeat + !Playlist.IsRepeatOne</visible>
				<visible>!Control.HasFocus(608)</visible>
			</control>
			<control type="image">
				<left>70</left>
				<top>200</top>
				<width>70</width>
				<height>50</height>
				<texture>primal_OSD/OSDRepeatFO.png</texture>
				<visible>!Playlist.IsRepeat + !Playlist.IsRepeatOne</visible>
				<visible>Control.HasFocus(608)</visible>
			</control>
			<control type="image">
				<left>70</left>
				<top>200</top>
				<width>70</width>
				<height>50</height>
				<texture>primal_OSD/OSDRepeatOneNF.png</texture>
				<visible>Playlist.IsRepeatOne</visible>
				<visible>!Control.HasFocus(608)</visible>
			</control>
			<control type="image">
				<left>70</left>
				<top>200</top>
				<width>70</width>
				<height>50</height>
				<texture>primal_OSD/OSDRepeatOneFO.png</texture>
				<visible>Playlist.IsRepeatOne</visible>
				<visible>Control.HasFocus(608)</visible>
			</control>
			<control type="image">
				<left>70</left>
				<top>200</top>
				<width>70</width>
				<height>50</height>
				<texture>primal_OSD/OSDRepeatAllNF.png</texture>
				<visible>Playlist.IsRepeat</visible>
				<visible>!Control.HasFocus(608)</visible>
			</control>
			<control type="image">
				<left>70</left>
				<top>200</top>
				<width>70</width>
				<height>50</height>
				<texture>primal_OSD/OSDRepeatAllFO.png</texture>
				<visible>Playlist.IsRepeat</visible>
				<visible>Control.HasFocus(608)</visible>
			</control>
			<control type="togglebutton" id="609">
				<left>0</left>
				<top>200</top>
				<width>70</width>
				<height>50</height>
				<label>-</label>
				<texturefocus>primal_OSD/OSDRandomOffFO.png</texturefocus>
				<texturenofocus>primal_OSD/OSDRandomOffNF.png</texturenofocus>
				<usealttexture>Playlist.IsRandom</usealttexture>
				<alttexturefocus>primal_OSD/OSDRandomOnFO.png</alttexturefocus>
				<alttexturenofocus>primal_OSD/OSDRandomOnNF.png</alttexturenofocus>
				<onclick>PlayerControl(Random)</onclick>
				<onleft>608</onleft>
				<onright>600</onright>
				<onup>100</onup>
				<ondown>100</ondown>
			</control>
		</control>
		<control type="group">
			<left>-150</left>
			<top>0</top>
			<visible>Player.HasAudio</visible>
			<control type="image">
				<description>Cover image</description>
				<left>530</left>
				<top>210</top>
				<width>200</width>
				<height>200</height>
				<texture>$INFO[MusicPlayer.Cover]</texture>
			</control>
			<control type="label">
				<description>Artist label</description>
				<left>800</left>
				<top>210</top>
				<height>45</height>
				<width>488</width>
				<label>$INFO[MusicPlayer.Artist]</label>
				<align>left</align>
				<aligny>center</aligny>
				<font>primal_24</font>
				<textcolor>orange</textcolor>
				<shadowcolor>black</shadowcolor>
			</control>
			<control type="fadelabel">
				<description>Title label</description>
				<left>800</left>
				<top>264</top>
				<height>45</height>
				<width>700</width>
				<label>$INFO[MusicPlayer.Title]</label>
				<align>left</align>
				<aligny>center</aligny>
				<font>primal_24</font>
				<textcolor>white</textcolor>
				<shadowcolor>black</shadowcolor>
				<scrollout>false</scrollout>
				<pauseatend>2000</pauseatend>
			</control>
			<control type="label">
				<description>Album Label</description>
				<left>800</left>
				<top>305</top>
				<height>45</height>
				<width>488</width>
				<label>$INFO[MusicPlayer.Album]$INFO[musicplayer.discnumber, - $LOCALIZE[427]:]</label>
				<align>left</align>
				<aligny>center</aligny>
				<font>primal_16</font>
				<textcolor>white</textcolor>
				<shadowcolor>black</shadowcolor>
			</control>
			<control type="label">
				<description>Time Label</description>
				<left>800</left>
				<top>342</top>
				<height>45</height>
				<width>488</width>
				<label>$INFO[MusicPlayer.Time]$INFO[MusicPlayer.Duration, / ]</label>
				<align>left</align>
				<aligny>center</aligny>
				<font>primal_16</font>
				<textcolor>white</textcolor>
				<shadowcolor>black</shadowcolor>
			</control>
			<control type="label">
				<description>Next Label</description>
				<left>800</left>
				<top>400</top>
				<height>45</height>
				<width>600</width>
				<label>Next: $INFO[MusicPlayer.offset(1).Title]</label>
				<align>left</align>
				<aligny>center</aligny>
				<font>primal_16</font>
				<textcolor>grey</textcolor>
				<shadowcolor>black</shadowcolor>
			</control>
			<control type="label">
				<description>Next Label</description>
				<left>800</left>
				<top>440</top>
				<height>45</height>
				<width>600</width>
				<label>02: $INFO[MusicPlayer.offset(2).Title]</label>
				<align>left</align>
				<aligny>center</aligny>
				<font>primal_16</font>
				<textcolor>grey</textcolor>
				<shadowcolor>black</shadowcolor>
			</control>
			<control type="label">
				<description>Next Label</description>
				<left>800</left>
				<top>480</top>
				<height>45</height>
				<width>600</width>
				<label>03: $INFO[MusicPlayer.offset(3).Title]</label>
				<align>left</align>
				<aligny>center</aligny>
				<font>primal_16</font>
				<textcolor>grey</textcolor>
				<shadowcolor>black</shadowcolor>
			</control>
			<control type="label">
				<description>Next Label</description>
				<left>800</left>
				<top>520</top>
				<height>45</height>
				<width>600</width>
				<label>04: $INFO[MusicPlayer.offset(4).Title]</label>
				<align>left</align>
				<aligny>center</aligny>
				<font>primal_16</font>
				<textcolor>grey</textcolor>
				<shadowcolor>black</shadowcolor>
			</control>
			<control type="label">
				<description>Next Label</description>
				<left>800</left>
				<top>560</top>
				<height>45</height>
				<width>600</width>
				<label>05: $INFO[MusicPlayer.offset(5).Title]</label>
				<align>left</align>
				<aligny>center</aligny>
				<font>primal_16</font>
				<textcolor>grey</textcolor>
				<shadowcolor>black</shadowcolor>
			</control>
			<control type="label">
				<description>Next Label</description>
				<left>800</left>
				<top>600</top>
				<height>45</height>
				<width>600</width>
				<label>06: $INFO[MusicPlayer.offset(6).Title]</label>
				<align>left</align>
				<aligny>center</aligny>
				<font>primal_16</font>
				<textcolor>grey</textcolor>
				<shadowcolor>black</shadowcolor>
			</control>
		</control>
		<control type="group">
			<left>0</left>
			<top>0</top>
			<visible>Player.HasVideo</visible>
			<control type="image">
				<description>Cover image</description>
				<left>385</left>
				<top>130</top>
				<width>200</width>
				<height>300</height>
				<aspectratio>keep</aspectratio>
				<texture>$INFO[VideoPlayer.cover]</texture>
				<visible>!videoplayer.content(episodes) + !videoplayer.content(musicvideos)</visible>
			</control>
			<control type="image">
				<description>Cover image</description>
				<left>330</left>
				<top>200</top>
				<width>330</width>
				<height>330</height>
				<aspectratio>keep</aspectratio>
				<texture>$INFO[VideoPlayer.cover]</texture>
				<visible>videoplayer.content(episodes) | videoplayer.content(musicvideos)</visible>
			</control>
			<control type="videowindow">
				<!-- =============== TV Prevew =============== -->
				<left>590</left>
				<top>180</top>
				<width>775</width>
				<height>400</height>
				<align>left</align>
			</control>
			<control type="label">
				<description>Studio label</description>
				<left>240</left>
				<top>30</top>
				<height>45</height>
				<width>488</width>
				<label>$INFO[VideoPlayer.Studio]</label>
				<align>left</align>
				<aligny>center</aligny>
				<font>primal_16</font>
				<textcolor>grey2</textcolor>
				<shadowcolor>black</shadowcolor>
				<visible>!videoplayer.content(episodes) + !videoplayer.content(musicvideos)</visible>
			</control>
			<control type="label">
				<description>TV Show Title label</description>
				<left>240</left>
				<top>30</top>
				<height>45</height>
				<width>488</width>
				<label>$INFO[VideoPlayer.tvshowtitle]</label>
				<align>left</align>
				<aligny>center</aligny>
				<font>primal_20</font>
				<textcolor>white</textcolor>
				<shadowcolor>black</shadowcolor>
				<visible>videoplayer.content(episodes)</visible>
			</control>
			<control type="fadelabel">
				<description>Music Video Artist label</description>
				<left>240</left>
				<top>30</top>
				<height>45</height>
				<width>488</width>
				<label>$INFO[VideoPlayer.Artist]</label>
				<align>left</align>
				<aligny>center</aligny>
				<font>primal_16</font>
				<textcolor>white</textcolor>
				<shadowcolor>black</shadowcolor>
				<visible>videoplayer.content(musicvideos)</visible>
				<scrollout>false</scrollout>
				<pauseatend>2000</pauseatend>
			</control>
			<control type="fadelabel">
				<description>Title label</description>
				<left>615</left>
				<top>610</top>
				<height>45</height>
				<width>488</width>
				<label>$INFO[VideoPlayer.Title]</label>
				<align>left</align>
				<aligny>center</aligny>
				<font>primal_20</font>
				<textcolor>white</textcolor>
				<shadowcolor>black</shadowcolor>
				<scrollout>false</scrollout>
				<pauseatend>2000</pauseatend>
			</control>
			<control type="label">
				<description>Genre label</description>
				<left>615</left>
				<top>650</top>
				<height>45</height>
				<width>488</width>
				<label>$INFO[VideoPlayer.Genre]</label>
				<align>left</align>
				<aligny>center</aligny>
				<font>primal_16</font>
				<textcolor>orange</textcolor>
				<shadowcolor>black</shadowcolor>
				<visible>!videoplayer.content(episodes) + !videoplayer.content(musicvideos)</visible>
			</control>
			<control type="label">
				<left>615</left>
				<top>650</top>
				<height>45</height>
				<width>488</width>
				<label>$INFO[VideoPlayer.Album]</label>
				<align>left</align>
				<aligny>center</aligny>
				<font>primal_16</font>
				<textcolor>orange</textcolor>
				<shadowcolor>black</shadowcolor>
				<visible>videoplayer.content(musicvideos)</visible>
			</control>
			<control type="label">
				<description>Season and Episode label</description>
				<left>615</left>
				<top>650</top>
				<height>45</height>
				<width>488</width>
				<label>$LOCALIZE[20373] $INFO[VideoPlayer.Season] - $LOCALIZE[20359] $INFO[VideoPlayer.episode]</label>
				<align>left</align>
				<aligny>center</aligny>
				<font>primal_16</font>
				<textcolor>orange</textcolor>
				<shadowcolor>black</shadowcolor>
				<visible>videoplayer.content(episodes)</visible>
			</control>
			<control type="label">
				<description>Time Label</description>
				<left>615</left>
				<top>685</top>
				<height>45</height>
				<width>488</width>
				<label>$INFO[VideoPlayer.Time]$INFO[VideoPlayer.Duration, / ]</label>
				<align>left</align>
				<aligny>center</aligny>
				<font>primal_16</font>
				<textcolor>white</textcolor>
				<shadowcolor>black</shadowcolor>
			</control>
			<control type="largeimage">
				<left>830</left>
				<top>20</top>
				<width>270</width>
				<height>150</height>
				<texture background="true">$INFO[Player.Art(clearlogo)]</texture>
				<fadetime>IconCrossfadeTime</fadetime>
				<aspectratio scalediffuse="false" aligny="center" align="left">keep</aspectratio>
			</control>
		</control>
	</controls>
</window>